User ID,Gender,Age,EstimatedSalary,Purchased,Description,UnitPrice,Country,Quantity
15624510,Male,19,19000,0,WHITE HANGING HEART T-LIGHT HOLDER,2.55,United Kingdom,6
15810944,Male,35,20000,0,WHITE METAL LANTERN,3.39,United Kingdom,6
15668575,Female,26,43000,0,CREAM CUPID HEARTS COAT HANGER,2.75,United Kingdom,8
15603246,Female,27,57000,0,KNITTED UNION FLAG HOT WATER BOTTLE,3.39,United Kingdom,6
15804002,Male,19,76000,0,RED WOOLLY HOTTIE WHITE HEART.,3.39,United Kingdom,6
15728773,Male,27,58000,0,SET 7 BABUSHKA NESTING BOXES,7.65,United Kingdom,2
15598044,Female,27,84000,0,GLASS STAR FROSTED T-LIGHT HOLDER,4.25,United Kingdom,6
15694829,Female,32,150000,1,HAND WARMER UNION JACK,1.85,United Kingdom,6
15600575,Male,25,33000,0,HAND WARMER RED POLKA DOT,1.85,United Kingdom,6
15727311,Female,35,65000,0,ASSORTED COLOUR BIRD ORNAMENT,1.69,United Kingdom,32
15570769,Female,26,80000,0,POPPY'S PLAYHOUSE BEDROOM ,2.1,United Kingdom,6
15606274,Female,26,52000,0,POPPY'S PLAYHOUSE KITCHEN,2.1,United Kingdom,6
15746139,Male,20,86000,0,FELTCRAFT PRINCESS CHARLOTTE DOLL,3.75,United Kingdom,8
15704987,Male,32,18000,0,IVORY KNITTED MUG COSY ,1.65,United Kingdom,6
15628972,Male,18,82000,0,BOX OF 6 ASSORTED COLOUR TEASPOONS,4.25,United Kingdom,6
15697686,Male,29,80000,0,BOX OF VINTAGE JIGSAW BLOCKS ,4.95,United Kingdom,3
15733883,Male,47,25000,1,BOX OF VINTAGE ALPHABET BLOCKS,9.95,United Kingdom,2
15617482,Male,45,26000,1,HOME BUILDING BLOCK WORD,5.95,United Kingdom,3
15704583,Male,46,28000,1,LOVE BUILDING BLOCK WORD,5.95,United Kingdom,3
15621083,Female,48,29000,1,RECIPE BOX WITH METAL HEART,7.95,United Kingdom,4
15649487,Male,45,22000,1,DOORMAT NEW ENGLAND,7.95,United Kingdom,4
15736760,Female,47,49000,1,JAM MAKING SET WITH JARS,4.25,United Kingdom,6
15714658,Male,48,41000,1,RED COAT RACK PARIS FASHION,4.95,United Kingdom,3
15599081,Female,45,22000,1,YELLOW COAT RACK PARIS FASHION,4.95,United Kingdom,3
15705113,Male,46,23000,1,BLUE COAT RACK PARIS FASHION,4.95,United Kingdom,3
15631159,Male,47,20000,1,BATH BUILDING BLOCK WORD,5.95,United Kingdom,3
15792818,Male,49,28000,1,ALARM CLOCK BAKELIKE PINK,3.75,France,24
15633531,Female,47,30000,1,ALARM CLOCK BAKELIKE RED ,3.75,France,24
15744529,Male,29,43000,0,ALARM CLOCK BAKELIKE GREEN,3.75,France,12
15669656,Male,31,18000,0,PANDA AND BUNNIES STICKER SHEET,0.85,France,12
15581198,Male,31,74000,0,STARS GIFT TAPE ,0.65,France,24
15729054,Female,27,137000,1,INFLATABLE POLITICAL GLOBE ,0.85,France,48
15573452,Female,21,16000,0,VINTAGE HEADS AND TAILS CARD GAME ,1.25,France,24
15776733,Female,28,44000,0,SET/2 RED RETROSPOT TEA TOWELS ,2.95,France,18
15724858,Male,27,90000,0,ROUND SNACK BOXES SET OF4 WOODLAND ,2.95,France,24
15713144,Male,35,27000,0,SPACEBOY LUNCH BOX ,1.95,France,24
15690188,Female,33,28000,0,LUNCH BOX I LOVE LONDON,1.95,France,24
15689425,Male,30,49000,0,CIRCUS PARADE LUNCH BOX ,1.95,France,24
15671766,Female,26,72000,0,CHARLOTTE BAG DOLLY GIRL DESIGN,0.85,France,20
15782806,Female,27,31000,0,RED TOADSTOOL LED NIGHT LIGHT,1.65,France,24
15764419,Female,27,17000,0, SET 2 TEA TOWELS I LOVE LONDON ,2.95,France,24
15591915,Female,33,51000,0,VINTAGE SEASIDE JIGSAW PUZZLES,3.75,France,12
15772798,Male,35,108000,0,MINI JIGSAW CIRCUS PARADE ,0.42,France,24
15792008,Male,30,15000,0,MINI JIGSAW SPACEBOY,0.42,France,24
15715541,Female,28,84000,0,MINI PAINT SET VINTAGE ,0.65,France,36
15639277,Male,23,20000,0,POSTAGE,18,France,3
15798850,Male,25,79000,0,PAPER CHAIN KIT 50'S CHRISTMAS ,2.55,United Kingdom,80
15776348,Female,27,54000,0,HAND WARMER RED POLKA DOT,1.85,United Kingdom,6
15727696,Male,30,135000,1,HAND WARMER UNION JACK,1.85,United Kingdom,6
15793813,Female,31,89000,0,WHITE HANGING HEART T-LIGHT HOLDER,2.55,United Kingdom,6
15694395,Female,24,32000,0,WHITE METAL LANTERN,3.39,United Kingdom,6
15764195,Female,18,44000,0,CREAM CUPID HEARTS COAT HANGER,2.75,United Kingdom,8
15744919,Female,29,83000,0,EDWARDIAN PARASOL RED,4.95,United Kingdom,6
15671655,Female,35,23000,0,RETRO COFFEE MUGS ASSORTED,1.06,United Kingdom,6
15654901,Female,27,58000,0,SAVE THE PLANET MUG,1.06,United Kingdom,6
15649136,Female,24,55000,0,VINTAGE BILLBOARD DRINK ME MUG,1.06,United Kingdom,6
15775562,Female,23,48000,0,VINTAGE BILLBOARD LOVE/HATE MUG,1.06,United Kingdom,6
15807481,Male,28,79000,0,WOOD 2 DRAWER CABINET WHITE FINISH,4.95,United Kingdom,2
15642885,Male,22,18000,0,WOOD S/3 CABINET ANT WHITE FINISH,6.95,United Kingdom,4
15789109,Female,32,117000,0,WOODEN PICTURE FRAME WHITE FINISH,2.1,United Kingdom,6
15814004,Male,27,20000,0,WOODEN FRAME ANTIQUE WHITE ,2.55,United Kingdom,6
15673619,Male,25,87000,0,KNITTED UNION FLAG HOT WATER BOTTLE,3.39,United Kingdom,6
15595135,Female,23,66000,0,RED WOOLLY HOTTIE WHITE HEART.,3.39,United Kingdom,6
15583681,Male,32,120000,1,SET 7 BABUSHKA NESTING BOXES,7.65,United Kingdom,2
15605000,Female,59,83000,0,GLASS STAR FROSTED T-LIGHT HOLDER,4.25,United Kingdom,6
15718071,Male,24,58000,0,VICTORIAN SEWING BOX LARGE,10.95,United Kingdom,32
15679760,Male,24,19000,0,WHITE HANGING HEART T-LIGHT HOLDER,2.55,United Kingdom,6
15654574,Female,23,82000,0,WHITE METAL LANTERN,3.39,United Kingdom,6
15577178,Female,22,63000,0,CREAM CUPID HEARTS COAT HANGER,2.75,United Kingdom,8
15595324,Female,31,68000,0,EDWARDIAN PARASOL RED,4.95,United Kingdom,6
15756932,Male,25,80000,0,RETRO COFFEE MUGS ASSORTED,1.06,United Kingdom,6
15726358,Female,24,27000,0,SAVE THE PLANET MUG,1.06,United Kingdom,6
15595228,Female,20,23000,0,VINTAGE BILLBOARD DRINK ME MUG,1.06,United Kingdom,6
15782530,Female,33,113000,0,VINTAGE BILLBOARD LOVE/HATE MUG,1.06,United Kingdom,6
15592877,Male,32,18000,0,WOOD 2 DRAWER CABINET WHITE FINISH,4.95,United Kingdom,2
15651983,Male,34,112000,1,WOOD S/3 CABINET ANT WHITE FINISH,6.95,United Kingdom,4
15746737,Male,18,52000,0,WOODEN PICTURE FRAME WHITE FINISH,2.1,United Kingdom,6
15774179,Female,22,27000,0,WOODEN FRAME ANTIQUE WHITE ,2.55,United Kingdom,6
15667265,Female,28,87000,0,KNITTED UNION FLAG HOT WATER BOTTLE,3.39,United Kingdom,6
15655123,Female,26,17000,0,RED WOOLLY HOTTIE WHITE HEART.,3.39,United Kingdom,6
15595917,Male,30,80000,0,SET 7 BABUSHKA NESTING BOXES,7.65,United Kingdom,2
15668385,Male,39,42000,0,GLASS STAR FROSTED T-LIGHT HOLDER,4.25,United Kingdom,6
15709476,Male,20,49000,0,HOT WATER BOTTLE TEA AND SYMPATHY,3.45,United Kingdom,48
15711218,Male,35,88000,0,RED HANGING HEART T-LIGHT HOLDER,2.55,United Kingdom,64
15798659,Female,30,62000,0,HAND WARMER RED POLKA DOT,1.85,United Kingdom,6
15663939,Female,31,118000,1,HAND WARMER UNION JACK,1.85,United Kingdom,6
15694946,Male,24,55000,0,JUMBO BAG PINK POLKADOT,1.95,United Kingdom,10
15631912,Female,28,85000,0,JUMBO  BAG BAROQUE BLACK WHITE,1.95,United Kingdom,10
15768816,Male,26,81000,0,JUMBO BAG CHARLIE AND LOLA TOYS,2.95,United Kingdom,10
15682268,Male,35,50000,0,STRAWBERRY CHARLOTTE BAG,0.85,United Kingdom,10
15684801,Male,22,81000,0,RED 3 PIECE RETROSPOT CUTLERY SET,3.75,United Kingdom,12
15636428,Female,30,116000,0,BLUE 3 PIECE POLKADOT CUTLERY SET,3.75,United Kingdom,6
15809823,Male,26,15000,0,SET/6 RED SPOTTY PAPER PLATES,0.85,United Kingdom,12
15699284,Female,29,28000,0,LUNCH BAG RED RETROSPOT,1.65,United Kingdom,10
15786993,Female,29,83000,0,STRAWBERRY LUNCH BOX WITH CUTLERY,2.55,United Kingdom,6
15709441,Female,35,44000,0,LUNCH BOX WITH CUTLERY RETROSPOT ,2.55,United Kingdom,6
15710257,Female,35,25000,0,PACK OF 72 RETROSPOT CAKE CASES,0.42,United Kingdom,120
15582492,Male,28,123000,1,PACK OF 60 DINOSAUR CAKE CASES,0.55,United Kingdom,24
15575694,Male,35,73000,0,PACK OF 60 PINK PAISLEY CAKE CASES,0.55,United Kingdom,24
15756820,Female,28,37000,0,60 TEATIME FAIRY CAKE CASES,0.55,United Kingdom,24
15766289,Male,27,88000,0,TOMATO CHARLIE+LOLA COASTER SET,2.95,United Kingdom,6
15593014,Male,28,59000,0,CHARLIE & LOLA WASTEPAPER BIN FLORA,1.25,United Kingdom,48
15584545,Female,32,86000,0,RED CHARLIE+LOLA PERSONAL DOORSIGN,0.38,United Kingdom,96
15675949,Female,33,149000,1,JUMBO STORAGE BAG SUKI,1.95,United Kingdom,10
15672091,Female,19,21000,0,JUMBO BAG PINK VINTAGE PAISLEY,1.95,United Kingdom,10
15801658,Male,21,72000,0,JAM MAKING SET PRINTED,1.45,United Kingdom,24
15706185,Female,26,35000,0,RETROSPOT TEA SET CERAMIC 11 PC ,4.25,United Kingdom,23
15789863,Male,27,89000,0,GIRLY PINK TOOL SET,4.95,United Kingdom,5
15720943,Male,26,86000,0,JUMBO SHOPPER VINTAGE RED PAISLEY,1.95,United Kingdom,10
15697997,Female,38,80000,0,"AIRLINE LOUNGE,METAL SIGN",2.1,United Kingdom,2
15665416,Female,39,71000,0,WHITE SPOT RED CERAMIC DRAWER KNOB,1.25,United Kingdom,6
15660200,Female,37,71000,0,RED DRAWER KNOB ACRYLIC EDWARDIAN,1.25,United Kingdom,24
15619653,Male,38,61000,0,CLEAR DRAWER KNOB ACRYLIC EDWARDIAN,1.25,United Kingdom,24
15773447,Male,37,55000,0,PHOTO CLIP LINE,1.25,United Kingdom,1
15739160,Male,42,80000,0,FELT EGG COSY CHICKEN,0.85,United Kingdom,1
15689237,Male,40,57000,0,PIGGY BANK RETROSPOT ,2.55,United Kingdom,1
15679297,Male,35,75000,0,SKULL SHOULDER BAG,1.65,United Kingdom,10
15591433,Male,36,52000,0,YOU'RE CONFUSING ME METAL SIGN ,1.69,United Kingdom,3
15642725,Male,40,59000,0,COOK WITH WINE METAL SIGN ,1.95,United Kingdom,1
15701962,Male,41,59000,0,GIN + TONIC DIET METAL SIGN,2.1,United Kingdom,2
15811613,Female,36,75000,0,YELLOW BREAKFAST CUP AND SAUCER,2.95,United Kingdom,1
15741049,Male,37,72000,0,PINK BREAKFAST CUP AND SAUCER ,2.95,United Kingdom,1
15724423,Female,40,75000,0,PAPER CHAIN KIT 50'S CHRISTMAS ,2.95,United Kingdom,4
15574305,Male,35,53000,0,PAPER CHAIN KIT RETROSPOT,2.95,United Kingdom,1
15678168,Female,41,51000,0,SMALL HEART FLOWERS HOOK ,0.85,United Kingdom,6
15697020,Female,39,61000,0,PHOTO CLIP LINE,1.25,United Kingdom,3
15610801,Male,42,65000,0,TEA TIME DES TEA COSY,2.55,United Kingdom,2
15745232,Male,26,32000,0,FELT EGG COSY WHITE RABBIT ,0.85,United Kingdom,1
15722758,Male,30,17000,0,ZINC WILLIE WINKIE  CANDLE STICK,0.85,United Kingdom,1
15792102,Female,26,84000,0,CERAMIC CHERRY CAKE MONEY BANK,1.45,United Kingdom,1
15675185,Male,31,58000,0,RETROSPOT LARGE MILK JUG,4.95,United Kingdom,1
15801247,Male,33,31000,0,SET OF 6 FUNKY BEAKERS,2.95,United Kingdom,2
15725660,Male,30,87000,0,EDWARDIAN PARASOL BLACK,5.95,United Kingdom,2
15638963,Female,21,68000,0,EDWARDIAN PARASOL NATURAL,5.95,United Kingdom,2
15800061,Female,28,55000,0,CERAMIC STRAWBERRY CAKE MONEY BANK,1.45,United Kingdom,4
15578006,Male,23,63000,0,BLUE OWL SOFT TOY,2.95,United Kingdom,1
15668504,Female,20,82000,0,BALLOON ART MAKE YOUR OWN FLOWERS,1.95,United Kingdom,1
15687491,Male,30,107000,1,RED TOADSTOOL LED NIGHT LIGHT,1.65,United Kingdom,2
15610403,Female,28,59000,0,GLASS CLOCHE SMALL,3.95,United Kingdom,3
15741094,Male,19,25000,0,GUMBALL MONOCHROME COAT RACK,1.06,United Kingdom,36
15807909,Male,19,85000,0,DOORMAT FANCY FONT HOME SWEET HOME,6.75,United Kingdom,10
15666141,Female,18,68000,0,Discount,27.5,United Kingdom,-1
15617134,Male,35,59000,0,INFLATABLE POLITICAL GLOBE ,0.85,United Kingdom,12
15783029,Male,30,89000,0,VINTAGE SNAKES & LADDERS,3.75,United Kingdom,8
15622833,Female,34,25000,0,CHOCOLATE CALCULATOR,1.65,United Kingdom,12
15746422,Female,24,89000,0,JUMBO SHOPPER VINTAGE RED PAISLEY,1.95,United Kingdom,10
15750839,Female,27,96000,1,RECYCLING BAG RETROSPOT ,2.1,United Kingdom,10
15749130,Female,41,30000,0,TOY TIDY PINK POLKADOT,1.85,United Kingdom,50
15779862,Male,29,61000,0,ANTIQUE GLASS DRESSING TABLE POT,2.95,United Kingdom,8
15767871,Male,20,74000,0,ALARM CLOCK BAKELIKE GREEN,3.75,United Kingdom,4
15679651,Female,26,15000,0,IVORY GIANT GARDEN THERMOMETER,5.95,United Kingdom,12
15576219,Male,41,45000,0,3 TIER CAKE TIN GREEN AND CREAM,14.95,United Kingdom,2
15699247,Male,31,76000,0,3 TIER CAKE TIN RED AND CREAM,14.95,United Kingdom,2
15619087,Female,36,50000,0,SET 3 WICKER OVAL BASKETS W LIDS,16.95,United Kingdom,4
15605327,Male,40,47000,0,SET OF 3 COLOURED  FLYING DUCKS,4.65,United Kingdom,-1
15610140,Female,31,15000,0,WOOD BLACK BOARD ANT WHITE FINISH,6.45,United Kingdom,3
15791174,Male,46,59000,0,COLOUR GLASS T-LIGHT HOLDER HANGING,0.65,United Kingdom,48
15602373,Male,29,75000,0,HANGING METAL HEART LANTERN,1.65,United Kingdom,12
15762605,Male,26,30000,0,HANGING MEDINA LANTERN SMALL,2.95,United Kingdom,6
15598840,Female,32,135000,1,NATURAL SLATE HEART CHALKBOARD ,2.95,United Kingdom,12
15744279,Male,32,100000,1,HEART OF WICKER SMALL,1.45,United Kingdom,40
15670619,Male,25,90000,0,HEART OF WICKER LARGE,2.55,United Kingdom,40
15599533,Female,37,33000,0,WHITE LOVEBIRD LANTERN,2.95,United Kingdom,6
15757837,Male,35,38000,0,CLASSIC METAL BIRDCAGE PLANT HOLDER,12.75,United Kingdom,2
15697574,Female,33,69000,0,CREAM HEART CARD HOLDER,3.95,United Kingdom,4
15578738,Female,18,86000,0,ENAMEL FLOWER JUG CREAM,5.95,United Kingdom,3
15762228,Female,22,55000,0,ENAMEL FIRE BUCKET CREAM,6.95,United Kingdom,6
15614827,Female,35,71000,0,ENAMEL BREAD BIN CREAM,10.95,United Kingdom,8
15789815,Male,29,148000,1,SET 3 WICKER OVAL BASKETS W LIDS,19.95,United Kingdom,1
15579781,Female,29,47000,0,JAM MAKING SET PRINTED,1.45,United Kingdom,12
15587013,Male,21,88000,0,JAM MAKING SET WITH JARS,4.25,United Kingdom,6
15570932,Male,34,115000,0,JUMBO BAG DOLLY GIRL DESIGN,1.95,United Kingdom,10
15794661,Female,26,118000,0,TRADITIONAL CHRISTMAS RIBBONS,1.25,United Kingdom,12
15581654,Female,34,43000,0,ORGANISER WOOD ANTIQUE WHITE ,8.5,United Kingdom,2
15644296,Female,34,72000,0,LUNCH BAG DOLLY GIRL DESIGN,1.65,United Kingdom,10
15614420,Female,23,28000,0,WHITE WIRE EGG HOLDER,4.95,United Kingdom,36
15609653,Female,35,47000,0,JUMBO  BAG BAROQUE BLACK WHITE,1.65,United Kingdom,100
15594577,Male,25,22000,0,JUMBO BAG RED RETROSPOT,1.65,United Kingdom,100
15584114,Male,24,23000,0,CHILLI LIGHTS,3.82,United Kingdom,192
15673367,Female,31,34000,0,LIGHT GARLAND BUTTERFILES PINK,3.37,United Kingdom,192
15685576,Male,26,16000,0,WOODEN OWLS LIGHT GARLAND ,3.37,United Kingdom,192
15774727,Female,31,71000,0,FAIRY TALE COTTAGE NIGHTLIGHT,1.45,United Kingdom,432
15694288,Female,32,117000,1,RED TOADSTOOL LED NIGHT LIGHT,1.25,United Kingdom,432
15603319,Male,33,43000,0,HOME BUILDING BLOCK WORD,5.95,United Kingdom,3
15759066,Female,33,60000,0,LOVE BUILDING BLOCK WORD,5.95,United Kingdom,3
15814816,Male,31,66000,0,DOORMAT FANCY FONT HOME SWEET HOME,7.95,United Kingdom,2
15724402,Female,20,82000,0,HOME SMALL WOOD LETTERS,4.95,United Kingdom,3
15571059,Female,33,41000,0,GINGHAM HEART  DOORSTOP RED,4.25,United Kingdom,3
15674206,Male,35,72000,0,FIVE HEART HANGING DECORATION,2.95,United Kingdom,6
15715160,Male,28,32000,0,HANGING METAL HEART LANTERN,1.65,United Kingdom,12
15730448,Male,24,84000,0,ASSORTED BOTTLE TOP  MAGNETS ,0.42,United Kingdom,12
15662067,Female,19,26000,0,FRIDGE MAGNETS US DINER ASSORTED,0.85,United Kingdom,12
15779581,Male,29,43000,0,HOMEMADE JAM SCENTED CANDLES,1.45,United Kingdom,12
15662901,Male,19,70000,0,FRIDGE MAGNETS LES ENFANTS ASSORTED,0.85,United Kingdom,12
15689751,Male,28,89000,0,ROSE CARAVAN DOORSTOP,6.75,United Kingdom,4
15667742,Male,34,43000,0,HEART OF WICKER SMALL,1.65,United Kingdom,12
15738448,Female,30,79000,0,5 HOOK HANGER MAGIC TOADSTOOL,1.65,United Kingdom,12
15680243,Female,20,36000,0,SAVE THE PLANET MUG,,United Kingdom,13
15745083,Male,26,80000,0,SAVE THE PLANET MUG,,United Kingdom,14
15708228,Male,35,22000,0,SAVE THE PLANET MUG,,United Kingdom,15
15628523,Male,35,39000,0,SAVE THE PLANET MUG,,United Kingdom,16
15708196,Male,49,74000,0,SAVE THE PLANET MUG,,United Kingdom,17
15735549,Female,39,134000,1,SAVE THE PLANET MUG,,United Kingdom,18
15809347,Female,41,71000,0,SAVE THE PLANET MUG,,United Kingdom,19
15660866,Female,58,101000,1,SAVE THE PLANET MUG,,United Kingdom,20
15766609,Female,47,47000,0,SAVE THE PLANET MUG,,United Kingdom,21
15654230,Female,55,130000,1,SAVE THE PLANET MUG,,United Kingdom,22
15794566,Female,52,114000,0,SAVE THE PLANET MUG,,United Kingdom,23
15800890,Female,40,142000,1,SAVE THE PLANET MUG,,United Kingdom,24
15697424,Female,46,22000,0,SAVE THE PLANET MUG,,United Kingdom,25
15724536,Female,48,96000,1,SAVE THE PLANET MUG,,United Kingdom,26
15735878,Male,52,150000,1,SAVE THE PLANET MUG,,United Kingdom,27
15707596,Female,59,42000,0,SAVE THE PLANET MUG,,United Kingdom,28
15657163,Male,35,58000,0,SAVE THE PLANET MUG,,United Kingdom,29
15622478,Male,47,43000,0,SAVE THE PLANET MUG,,United Kingdom,30
15779529,Female,60,108000,1,SAVE THE PLANET MUG,,United Kingdom,31
15636023,Male,49,65000,0,SAVE THE PLANET MUG,,United Kingdom,32
15582066,Male,40,78000,0,SAVE THE PLANET MUG,,United Kingdom,33
15666675,Female,46,96000,0,SAVE THE PLANET MUG,,United Kingdom,34
15732987,Male,59,143000,1,SAVE THE PLANET MUG,,United Kingdom,35
15789432,Female,41,80000,0,SAVE THE PLANET MUG,,United Kingdom,36
15663161,Male,35,91000,1,SAVE THE PLANET MUG,,United Kingdom,37
15694879,Male,37,144000,1,SAVE THE PLANET MUG,,United Kingdom,38
15593715,Male,60,102000,1,SAVE THE PLANET MUG,,United Kingdom,39
15575002,Female,35,60000,0,SAVE THE PLANET MUG,,United Kingdom,40
15622171,Male,37,53000,0,SAVE THE PLANET MUG,,United Kingdom,41
15795224,Female,36,126000,1,SAVE THE PLANET MUG,,United Kingdom,42
15685346,Male,56,133000,1,SAVE THE PLANET MUG,,United Kingdom,43
15691808,Female,40,72000,0,SAVE THE PLANET MUG,,United Kingdom,44
15721007,Female,42,80000,1,SAVE THE PLANET MUG,,United Kingdom,45
15794253,Female,35,147000,1,SAVE THE PLANET MUG,,United Kingdom,46
15694453,Male,39,42000,0,SAVE THE PLANET MUG,,United Kingdom,47
15813113,Male,40,107000,1,SAVE THE PLANET MUG,,United Kingdom,48
15614187,Male,49,86000,1,SAVE THE PLANET MUG,,United Kingdom,49
15619407,Female,38,112000,0,SAVE THE PLANET MUG,,United Kingdom,50
15646227,Male,46,79000,1,SAVE THE PLANET MUG,,United Kingdom,51
15660541,Male,40,57000,0,SAVE THE PLANET MUG,,United Kingdom,52
15753874,Female,37,80000,0,SAVE THE PLANET MUG,,United Kingdom,53
15617877,Female,46,82000,0,SAVE THE PLANET MUG,,United Kingdom,54
15772073,Female,53,143000,1,SAVE THE PLANET MUG,,United Kingdom,55
15701537,Male,42,149000,1,SAVE THE PLANET MUG,,United Kingdom,56
15736228,Male,38,59000,0,SAVE THE PLANET MUG,,United Kingdom,57
15780572,Female,50,88000,1,SAVE THE PLANET MUG,,United Kingdom,58
15769596,Female,56,104000,1,SAVE THE PLANET MUG,,United Kingdom,59
15586996,Female,41,72000,0,SAVE THE PLANET MUG,,United Kingdom,60
15722061,Female,51,146000,1,SAVE THE PLANET MUG,,United Kingdom,61
15638003,Female,35,50000,0,SAVE THE PLANET MUG,,United Kingdom,62
15775590,Female,57,122000,1,SAVE THE PLANET MUG,,United Kingdom,63
15730688,Male,41,52000,0,SAVE THE PLANET MUG,,United Kingdom,64
15753102,Female,35,97000,1,SAVE THE PLANET MUG,,United Kingdom,65
15810075,Female,44,39000,0,SAVE THE PLANET MUG,,United Kingdom,66
15723373,Male,37,52000,0,SAVE THE PLANET MUG,,United Kingdom,67
15795298,Female,48,134000,1,SAVE THE PLANET MUG,,United Kingdom,68
15584320,Female,37,146000,1,SAVE THE PLANET MUG,,United Kingdom,69
15724161,Female,50,44000,0,SAVE THE PLANET MUG,,United Kingdom,70
15750056,Female,52,90000,1,SAVE THE PLANET MUG,,United Kingdom,71
15609637,Female,41,72000,0,SAVE THE PLANET MUG,,United Kingdom,72
15794493,Male,40,57000,0,SAVE THE PLANET MUG,,United Kingdom,73
15569641,Female,58,95000,1,SAVE THE PLANET MUG,,United Kingdom,74
15815236,Female,45,131000,1,SAVE THE PLANET MUG,,United Kingdom,75
15811177,Female,35,77000,0,SAVE THE PLANET MUG,,United Kingdom,76
15680587,Male,36,144000,1,SAVE THE PLANET MUG,,United Kingdom,77
15672821,Female,55,125000,1,SAVE THE PLANET MUG,,United Kingdom,78
15767681,Female,35,72000,0,SAVE THE PLANET MUG,,United Kingdom,79
15600379,Male,48,90000,1,SAVE THE PLANET MUG,,United Kingdom,80
15801336,Female,42,108000,1,SAVE THE PLANET MUG,,United Kingdom,81
15721592,Male,40,75000,0,SAVE THE PLANET MUG,,United Kingdom,82
15581282,Male,37,74000,0,SAVE THE PLANET MUG,,United Kingdom,83
15746203,Female,47,144000,1,SAVE THE PLANET MUG,,United Kingdom,84
15583137,Male,40,61000,0,SAVE THE PLANET MUG,,United Kingdom,85
15680752,Female,43,133000,0,SAVE THE PLANET MUG,,United Kingdom,86
15688172,Female,59,76000,1,SAVE THE PLANET MUG,,United Kingdom,87
15791373,Male,60,42000,1,SAVE THE PLANET MUG,,United Kingdom,88
15589449,Male,39,106000,1,SAVE THE PLANET MUG,,United Kingdom,89
15692819,Female,57,26000,1,SAVE THE PLANET MUG,,United Kingdom,90
15727467,Male,57,74000,1,SAVE THE PLANET MUG,,United Kingdom,91
15734312,Male,38,71000,0,SAVE THE PLANET MUG,,United Kingdom,92
15764604,Male,49,88000,1,SAVE THE PLANET MUG,,United Kingdom,93
15613014,Female,52,38000,1,SAVE THE PLANET MUG,,United Kingdom,94
15759684,Female,50,36000,1,SAVE THE PLANET MUG,,United Kingdom,95
15609669,Female,59,88000,1,SAVE THE PLANET MUG,,United Kingdom,96
15685536,Male,35,61000,0,SAVE THE PLANET MUG,,United Kingdom,97
15750447,Male,37,70000,1,SAVE THE PLANET MUG,,United Kingdom,98
15663249,Female,52,21000,1,SAVE THE PLANET MUG,,United Kingdom,99
15638646,Male,48,141000,0,SAVE THE PLANET MUG,,United Kingdom,100
15734161,Female,37,93000,1,SAVE THE PLANET MUG,,United Kingdom,101
15631070,Female,37,62000,0,SAVE THE PLANET MUG,,United Kingdom,102
15761950,Female,48,138000,1,SAVE THE PLANET MUG,,United Kingdom,103
15649668,Male,41,79000,0,SAVE THE PLANET MUG,,United Kingdom,104
15713912,Female,37,78000,1,SAVE THE PLANET MUG,,United Kingdom,105
15586757,Male,39,134000,1,SAVE THE PLANET MUG,,United Kingdom,106
15596522,Male,49,89000,1,SAVE THE PLANET MUG,,United Kingdom,107
15625395,Male,55,39000,1,SAVE THE PLANET MUG,,United Kingdom,108
15760570,Male,37,77000,0,SAVE THE PLANET MUG,,United Kingdom,109
15566689,Female,35,57000,0,SAVE THE PLANET MUG,,United Kingdom,110
15725794,Female,36,63000,0,SAVE THE PLANET MUG,,United Kingdom,111
15673539,Male,42,73000,1,SAVE THE PLANET MUG,,United Kingdom,112
15705298,Female,43,112000,1,SAVE THE PLANET MUG,,United Kingdom,113
15675791,Male,45,79000,0,SAVE THE PLANET MUG,,United Kingdom,114
15747043,Male,46,117000,1,SAVE THE PLANET MUG,,United Kingdom,115
15736397,Female,58,38000,1,SAVE THE PLANET MUG,,United Kingdom,116
15678201,Male,48,74000,1,SAVE THE PLANET MUG,,United Kingdom,117
15720745,Female,37,137000,1,SAVE THE PLANET MUG,,United Kingdom,118
15637593,Male,37,79000,1,SAVE THE PLANET MUG,,United Kingdom,119
15598070,Female,40,60000,0,SAVE THE PLANET MUG,,United Kingdom,120
15787550,Male,42,54000,0,SAVE THE PLANET MUG,,United Kingdom,121
15603942,Female,51,134000,0,SAVE THE PLANET MUG,,United Kingdom,122
15733973,Female,47,113000,1,SAVE THE PLANET MUG,,United Kingdom,123
15596761,Male,36,125000,1,SAVE THE PLANET MUG,,United Kingdom,124
15652400,Female,38,50000,0,SAVE THE PLANET MUG,,United Kingdom,125
15717893,Female,42,70000,0,SAVE THE PLANET MUG,,United Kingdom,126
15622585,Male,39,96000,1,SAVE THE PLANET MUG,,United Kingdom,127
15733964,Female,38,50000,0,SAVE THE PLANET MUG,,United Kingdom,128
15753861,Female,49,141000,1,SAVE THE PLANET MUG,,United Kingdom,129
15747097,Female,39,79000,0,SAVE THE PLANET MUG,,United Kingdom,130
15594762,Female,39,75000,1,SAVE THE PLANET MUG,,United Kingdom,131
15667417,Female,54,104000,1,SAVE THE PLANET MUG,,United Kingdom,132
15684861,Male,35,55000,0,SAVE THE PLANET MUG,,United Kingdom,133
15742204,Male,45,32000,1,SAVE THE PLANET MUG,,United Kingdom,134
15623502,Male,36,60000,0,SAVE THE PLANET MUG,,United Kingdom,135
15774872,Female,52,138000,1,SAVE THE PLANET MUG,,United Kingdom,136
15611191,Female,53,82000,1,SAVE THE PLANET MUG,,United Kingdom,137
15674331,Male,41,52000,0,SAVE THE PLANET MUG,,United Kingdom,138
15619465,Female,48,30000,1,SAVE THE PLANET MUG,,United Kingdom,139
15575247,Female,48,131000,1,SAVE THE PLANET MUG,,United Kingdom,140
15695679,Female,41,60000,0,SAVE THE PLANET MUG,,United Kingdom,141
15713463,Male,41,72000,0,SAVE THE PLANET MUG,,United Kingdom,142
15785170,Female,42,75000,0,SAVE THE PLANET MUG,,United Kingdom,143
15796351,Male,36,118000,1,SAVE THE PLANET MUG,,United Kingdom,144
15639576,Female,47,107000,1,SAVE THE PLANET MUG,,United Kingdom,145
15693264,Male,38,51000,0,SAVE THE PLANET MUG,,United Kingdom,146
15589715,Female,48,119000,1,SAVE THE PLANET MUG,,United Kingdom,147
15769902,Male,42,65000,0,SAVE THE PLANET MUG,,United Kingdom,148
15587177,Male,40,65000,0,SAVE THE PLANET MUG,,United Kingdom,149
15814553,Male,57,60000,1,SAVE THE PLANET MUG,,United Kingdom,150
15601550,Female,36,54000,0,SAVE THE PLANET MUG,,United Kingdom,151
15664907,Male,58,144000,1,SAVE THE PLANET MUG,,United Kingdom,152
15612465,Male,35,79000,0,SAVE THE PLANET MUG,,United Kingdom,153
15810800,Female,38,55000,0,SAVE THE PLANET MUG,,United Kingdom,154
15665760,Male,39,122000,1,SAVE THE PLANET MUG,,United Kingdom,155
15588080,Female,53,104000,1,SAVE THE PLANET MUG,,United Kingdom,156
15776844,Male,35,75000,0,SAVE THE PLANET MUG,,United Kingdom,157
15717560,Female,38,65000,0,SAVE THE PLANET MUG,,United Kingdom,158
15629739,Female,47,51000,1,SAVE THE PLANET MUG,,United Kingdom,159
15729908,Male,47,105000,1,SAVE THE PLANET MUG,,United Kingdom,160
15716781,Female,41,63000,0,SAVE THE PLANET MUG,,United Kingdom,161
15646936,Male,53,72000,1,SAVE THE PLANET MUG,,United Kingdom,162
15768151,Female,54,108000,1,SAVE THE PLANET MUG,,United Kingdom,163
15579212,Male,39,77000,0,SAVE THE PLANET MUG,,United Kingdom,164
15721835,Male,38,61000,0,SAVE THE PLANET MUG,,United Kingdom,165
15800515,Female,38,113000,1,SAVE THE PLANET MUG,,United Kingdom,166
15591279,Male,37,75000,0,SAVE THE PLANET MUG,,United Kingdom,167
15587419,Female,42,90000,1,SAVE THE PLANET MUG,,United Kingdom,168
15750335,Female,37,57000,0,SAVE THE PLANET MUG,,United Kingdom,169
15699619,Male,36,99000,1,SAVE THE PLANET MUG,,United Kingdom,170
15606472,Male,60,34000,1,SAVE THE PLANET MUG,,United Kingdom,171
15778368,Male,54,70000,1,SAVE THE PLANET MUG,,United Kingdom,172
15671387,Female,41,72000,0,SAVE THE PLANET MUG,,United Kingdom,173
15573926,Male,40,71000,1,SAVE THE PLANET MUG,,United Kingdom,174
15709183,Male,42,54000,0,SAVE THE PLANET MUG,,United Kingdom,175
15577514,Male,43,129000,1,SAVE THE PLANET MUG,,United Kingdom,176
15778830,Female,53,34000,1,SAVE THE PLANET MUG,,United Kingdom,177
15768072,Female,47,50000,1,SAVE THE PLANET MUG,,United Kingdom,178
15768293,Female,42,79000,0,SAVE THE PLANET MUG,,United Kingdom,179
15654456,Male,42,104000,1,SAVE THE PLANET MUG,,United Kingdom,180
15807525,Female,59,29000,1,SAVE THE PLANET MUG,,United Kingdom,181
15574372,Female,58,47000,1,SAVE THE PLANET MUG,,United Kingdom,182
15671249,Male,46,88000,1,SAVE THE PLANET MUG,,United Kingdom,183
15779744,Male,38,71000,0,SAVE THE PLANET MUG,,United Kingdom,184
15624755,Female,54,26000,1,SAVE THE PLANET MUG,,United Kingdom,185
15611430,Female,60,46000,1,SAVE THE PLANET MUG,,United Kingdom,186
15774744,Male,60,83000,1,SAVE THE PLANET MUG,,United Kingdom,187
15629885,Female,39,73000,0,SAVE THE PLANET MUG,,United Kingdom,188
15708791,Male,59,130000,1,SAVE THE PLANET MUG,,United Kingdom,189
15793890,Female,37,80000,0,SAVE THE PLANET MUG,,United Kingdom,190
15646091,Female,46,32000,1,SAVE THE PLANET MUG,,United Kingdom,191
15596984,Female,46,74000,0,SAVE THE PLANET MUG,,United Kingdom,192
15800215,Female,42,53000,0,SAVE THE PLANET MUG,,United Kingdom,193
15577806,Male,41,87000,1,SAVE THE PLANET MUG,,United Kingdom,194
15749381,Female,58,23000,1,SAVE THE PLANET MUG,,United Kingdom,195
15683758,Male,42,64000,0,SAVE THE PLANET MUG,,United Kingdom,196
15670615,Male,48,33000,1,SAVE THE PLANET MUG,,United Kingdom,197
15715622,Female,44,139000,1,SAVE THE PLANET MUG,,United Kingdom,198
15707634,Male,49,28000,1,SAVE THE PLANET MUG,,United Kingdom,199
15806901,Female,57,33000,1,SAVE THE PLANET MUG,,United Kingdom,200
15775335,Male,56,60000,1,SAVE THE PLANET MUG,,United Kingdom,201
15724150,Female,49,39000,1,SAVE THE PLANET MUG,,United Kingdom,202
15627220,Male,39,71000,0,SAVE THE PLANET MUG,,United Kingdom,203
15672330,Male,47,34000,1,SAVE THE PLANET MUG,,United Kingdom,204
15668521,Female,48,35000,1,SAVE THE PLANET MUG,,United Kingdom,205
15807837,Male,48,33000,1,SAVE THE PLANET MUG,,United Kingdom,206
15592570,Male,47,23000,1,SAVE THE PLANET MUG,,United Kingdom,207
15748589,Female,45,45000,1,SAVE THE PLANET MUG,,United Kingdom,208
15635893,Male,60,42000,1,SAVE THE PLANET MUG,,United Kingdom,209
15757632,Female,39,59000,0,SAVE THE PLANET MUG,,United Kingdom,210
15691863,Female,46,41000,1,SAVE THE PLANET MUG,,United Kingdom,211
15706071,Male,51,23000,1,SAVE THE PLANET MUG,,United Kingdom,212
15654296,Female,50,20000,1,SAVE THE PLANET MUG,,United Kingdom,213
15755018,Male,36,33000,0,SAVE THE PLANET MUG,,United Kingdom,214
15594041,Female,49,36000,1,SAVE THE PLANET MUG,,United Kingdom,215
